{
    "avg_prec": 0.7040544652105823,
    "roc_auc": 0.9708017142900953
}
